CREATE SEQUENCE ITEM_SEQ START WITH 210 INCREMENT BY 1;

CREATE CACHED TABLE ITEM(
    IDITEM INT GENERATED BY DEFAULT AS SEQUENCE ITEM_SEQ NOT NULL,
    FIRSTNAME VARCHAR(45) DEFAULT NULL,
    LASTNAME VARCHAR(45) DEFAULT NULL
);

ALTER TABLE ITEM ADD CONSTRAINT ITEM_PK PRIMARY KEY(IDITEM);

CREATE SEQUENCE ADDRESS_SEQ START WITH 209 INCREMENT BY 1;

CREATE CACHED TABLE ADDRESS(
    IDADDRESS INT GENERATED BY DEFAULT AS SEQUENCE ITEM_SEQ NOT NULL,
    IDITEM INT DEFAULT NULL,
    LINE1 VARCHAR(45) DEFAULT NULL,
    LINE2 VARCHAR(45) DEFAULT NULL
);

ALTER TABLE ADDRESS ADD CONSTRAINT ADDRESS_PK PRIMARY KEY(IDADDRESS);

ALTER TABLE ADDRESS ADD CONSTRAINT ADDRESS_ITEM_FK FOREIGN KEY(IDITEM) REFERENCES ITEM(IDITEM);

CREATE SEQUENCE PHONE_SEQ START WITH 319 INCREMENT BY 1;

CREATE CACHED TABLE PHONE(
    IDPHONE INT GENERATED BY DEFAULT AS SEQUENCE ITEM_SEQ NOT NULL,
    IDITEM INT DEFAULT NULL,
    PHONE VARCHAR(45) DEFAULT NULL,
    COMMENT VARCHAR(45) DEFAULT NULL,
    RESTRICTED VARCHAR(45) DEFAULT NULL
);

ALTER TABLE PHONE ADD CONSTRAINT PHONE_PK PRIMARY KEY(IDPHONE);

ALTER TABLE PHONE ADD CONSTRAINT PHONE_ITEM_FK FOREIGN KEY(IDITEM) REFERENCES ITEM(IDITEM);

CREATE CACHED TABLE USER(
    LOGIN VARCHAR(10) NOT NULL,
    PASSWORD VARCHAR(16) NOT NULL,
    NAME VARCHAR(50) DEFAULT NULL,
    SURNAME VARCHAR(50) DEFAULT NULL
);

ALTER TABLE USER ADD CONSTRAINT USER_PK PRIMARY KEY(LOGIN);



INSERT INTO ITEM(IDITEM, FIRSTNAME, LASTNAME) VALUES
(1, 'Eløbieta', 'Achinger'),
(2, 'Andrzej', 'Adamczyk'),
(3, 'Leszek', 'Aleksandrzak'),
(4, 'Waldemar', 'Andzel'),
(5, 'Jan Krzysztof', 'Ardanowski'),
(6, 'Iwona Ewa', 'Arent'),
(7, 'Pawe≥', 'Arndt'),
(8, 'Urszula', 'Augustyn'),
(9, 'Zbigniew', 'Babalski'),
(10, 'Piotr', 'Babinetz'),
(11, 'Maciej', 'Banaszak'),
(12, 'Anna', 'BaÒkowska'),
(13, 'W≥odzimierz', 'Bernacki'),
(14, 'Andrzej', 'BÍtkowski'),
(15, 'Marek', 'Biernacki'),
(16, 'Andrzej', 'Biernat'),
(17, 'Leszek', 'Blanik'),
(18, 'Joanna', 'Bobowska'),
(19, 'Edmund', 'Borawski'),
(20, 'Jacek', 'Brzezinka'),
(21, 'Jerzy', 'Budnik'),
(22, 'Boøenna', 'Bukiewicz'),
(23, 'Andrzej', 'Bu≥a'),
(24, 'Jan', 'Bury'),
(25, 'Renata', 'Butryn'),
(26, 'Jan', 'CedzyÒski'),
(27, 'Zbigniew', 'Chmielowiec'),
(28, 'Janusz', 'CichoÒ'),
(29, 'Marian', 'CycoÒ'),
(30, 'Witold', 'Czarnecki'),
(31, 'Jacek', 'Czerniak'),
(32, 'Zofia', 'Czernow'),
(33, 'Andrzej', 'CzerwiÒski'),
(34, 'Eugeniusz', 'Czykwin'),
(35, 'Andrzej', 'Dπbrowski'),
(36, 'Andrzej', 'Dera'),
(37, 'Zbigniew', 'Dolata'),
(38, 'Ludwik', 'Dorn'),
(39, 'Andrzej', 'Duda'),
(40, 'Artur', 'Dunin'),
(41, 'Zenon', 'Durka'),
(42, 'Jan', 'Dziedziczak'),
(43, 'Janusz', 'DziÍcio≥'),
(44, 'Wincenty', 'Elsner'),
(45, 'Joanna', 'Fabisiak'),
(46, 'Anna', 'Fotyga'),
(47, 'Ryszard', 'Galla'),
(48, 'Andrzej', 'Ga≥aøewski'),
(49, 'Stanis≥aw', 'Gaw≥owski'),
(50, 'Magdalena', 'Gπsior-Marek'),
(51, 'Zbigniew', 'GirzyÒski'),
(52, 'Szymon', 'GiøyÒski'),
(53, 'John Abraham', 'Godson'),
(54, 'Jaros≥aw', 'Gowin'),
(55, 'Anna', 'Grodzka'),
(56, 'Eugeniusz Tomasz', 'Grzeszczak'),
(57, 'Andrzej', 'Gut-Mostowy'),
(58, 'Iwona', 'Guzowska'),
(59, 'Andrzej', 'Halicki'),
(60, 'Katarzyna', 'Hall'),
(61, 'Agnieszka', 'Hanajczyk'),
(62, 'Adam', 'Hofman'),
(63, 'JÛzefa', 'Hrynkiewicz'),
(64, 'Stanis≥aw', 'Huskowski'),
(65, 'Jaros≥aw Tomasz', 'Jagie≥≥o'),
(66, 'Wies≥aw Stanis≥aw', 'Janczyk'),
(67, 'Maria Ma≥gorzata', 'Janyska'),
(68, 'Andrzej', 'Jaworski'),
(69, 'Mariusz Orion', 'JÍdrysek'),
(70, 'Roman', 'Kaczor'),
(71, 'Stanis≥aw', 'Kalemba'),
(72, 'Boøena', 'KamiÒska'),
(73, 'Mariusz Antoni', 'KamiÒski'),
(74, 'Andrzej', 'Kania'),
(75, 'Jan', 'Kaümierczak'),
(76, 'Marcin', 'KierwiÒski'),
(77, 'Joanna', 'Kluzik-Rostkowska'),
(78, 'Eugeniusz', 'K≥opotek'),
(79, 'Krystyna', 'K≥osin'),
(80, 'Henryk', 'Kmiecik'),
(81, 'Magdalena', 'Kochan'),
(82, 'Brygida', 'Kolenda-£abuú'),
(83, 'Agnieszka', 'Ko≥acz-LeszczyÒska'),
(84, 'Zbigniew', 'KonwiÒski'),
(85, 'Leszek', 'Korzeniowski'),
(86, 'Roman Jacek', 'Kosecki'),
(87, 'Roman', 'KotliÒski'),
(88, 'Henryk', 'Kowalczyk'),
(89, 'Bartosz', 'Kownacki'),
(90, 'Agnieszka', 'Koz≥owska-Rajewicz'),
(91, 'Iwona', 'Koz≥owska'),
(92, 'Leonard', 'Krasulski'),
(93, 'Robert', 'Kropiwnicki'),
(94, 'Zbigniew', 'Kuümiuk'),
(95, 'Stanis≥aw', 'Lamczyk'),
(96, 'Tomasz', 'Lenz'),
(97, 'Izabela', 'Leszczyna'),
(98, 'Andrzej', 'Lewandowski'),
(99, 'Zofia', '£awrynowicz'),
(100, 'Jan', '£opata'),
(101, 'Mieczys≥aw Marcin', '£uczak'),
(102, 'Krystyna', '£ybacka'),
(103, 'Marzena', 'Macha≥ek'),
(104, 'Antoni', 'Macierewicz'),
(105, 'Ma≥gorzata', 'Marcinkiewicz'),
(106, 'Jagna', 'Marczu≥ajtis-Walczak'),
(107, 'Marcin', 'Mastalerek'),
(108, 'Jerzy', 'Materna'),
(109, 'Katarzyna', 'Matusik-Lipiec'),
(110, 'Zbigniew', 'Matuszczak'),
(111, 'Antoni', 'MÍøyd≥o'),
(112, 'Rajmund', 'Miller'),
(113, 'Konstanty', 'Miodowicz'),
(114, 'Izabela Katarzyna', 'Mrzyg≥ocka'),
(115, 'Joanna', 'Mucha'),
(116, 'Killion', 'Munyama'),
(117, 'Anna', 'Nemú'),
(118, 'S≥awomir', 'Neumann'),
(119, 'Stefan', 'Niesio≥owski'),
(120, 'Wanda', 'Nowicka'),
(121, 'Marzena', 'Ok≥a-Drewnowicz'),
(122, 'Janina', 'Okrπg≥y'),
(123, 'Cezary', 'Olejniczak'),
(124, 'Andrzej', 'Orzechowski'),
(125, 'Konstanty', 'OúwiÍcimski'),
(126, 'Krystyna', 'Ozga'),
(127, 'Stanis≥aw', 'OøÛg'),
(128, 'Zbigniew', 'Pacelt'),
(129, 'Janusz', 'Palikot'),
(130, 'Anna', 'Paluch'),
(131, 'Krystyna', 'Paw≥owicz'),
(132, 'Wojciech', 'Penkalski'),
(133, 'Andrzej', 'Piπtak'),
(134, 'Janusz', 'PiechociÒski'),
(135, 'S≥awomir Jan', 'Piechota'),
(136, 'Eløbieta Apolonia', 'Pierzcha≥a'),
(137, 'Danuta', 'Pietraszewska'),
(138, 'Lucjan Marek', 'Pietrzczyk'),
(139, 'Stanis≥aw', 'PiÍta'),
(140, 'Dariusz', 'Piontkowski'),
(141, 'Stanis≥aw', 'Piotrowicz'),
(142, 'Agnieszka', 'Pomaska'),
(143, 'Krystyna', 'Poúlednia'),
(144, 'Marek', 'PoznaÒski'),
(145, 'Stanis≥awa', 'Przπdka'),
(146, 'Damian', 'Raczkowski'),
(147, 'Grzegorz', 'Raniewicz'),
(148, 'Ireneusz', 'Raú'),
(149, 'Andrzej', 'Romanek'),
(150, 'Andrzej', 'Rozenek'),
(151, 'Halina', 'Rozpondek'),
(152, 'Jakub', 'Rutnicki'),
(153, 'Armand Kamil', 'RyfiÒski'),
(154, 'Zbigniew', 'Rynasiewicz'),
(155, 'Bogdan', 'RzoÒca'),
(156, 'Jacek', 'Sasin'),
(157, 'Grzegorz', 'Schetyna'),
(158, 'Jaros≥aw', 'Sellin'),
(159, 'Krystyna', 'SibiÒska'),
(160, 'Henryk', 'Siedlaczek'),
(161, 'Krystyna', 'SkowroÒska'),
(162, 'Boøena', 'S≥awiak'),
(163, 'Henryk', 'Smolarz'),
(164, 'Anna Eløbieta', 'Sobecka'),
(165, 'Zbigniew', 'Sosnowski'),
(166, 'Franciszek Jerzy', 'Stefaniuk'),
(167, 'Stefan', 'Strza≥kowski'),
(168, 'Miron', 'Sycz'),
(169, 'Jolanta', 'SzczypiÒska'),
(170, 'Adam', 'Szejnfeld'),
(171, 'Andrzej', 'Szlachta'),
(172, 'Grzegorz', 'Sztolcman'),
(173, 'Andrzej', 'Sztorc'),
(174, 'Krystyna', 'Szumilas'),
(175, 'Stanis≥aw', 'Szwed'),
(176, 'Boøena', 'Szyd≥owska'),
(177, 'Halina', 'Szymiec-RaczyÒska'),
(178, 'Jan', 'Szyszko'),
(179, 'Iwona', 'åledziÒska-KatarasiÒska'),
(180, 'Janusz', 'åniadek'),
(181, 'Marcin', 'åwiÍcicki'),
(182, 'Genowefa', 'Tokarska'),
(183, 'Jan', 'Tomaszewski'),
(184, 'Aleksandra', 'Trybuú'),
(185, 'Donald', 'Tusk'),
(186, 'der Coghen Piotr', 'Van'),
(187, 'Jan', 'Vincent-Rostowski'),
(188, 'Jan', 'Warzecha'),
(189, 'Jerzy', 'Wenderlich'),
(190, 'Monika', 'Wielichowska'),
(191, 'Jadwiga', 'Wiúniewska'),
(192, 'Marcin', 'Witko'),
(193, 'Zbigniew', 'W≥odkowski'),
(194, 'Norbert', 'Wojnarowski'),
(195, 'Bogus≥aw', 'Wontor'),
(196, 'Grzegorz Adam', 'Woüniak'),
(197, 'Tadeusz', 'Woüniak'),
(198, 'Marzena Dorota', 'WrÛbel'),
(199, 'Stanis≥aw', 'Wziπtek'),
(200, 'Anna', 'Zalewska'),
(201, 'Renata', 'Zaremba'),
(202, '£ukasz', 'Zbonikowski'),
(203, 'Ryszard', 'Zbrzyzny'),
(204, 'Bogdan', 'Zdrojewski'),
(205, 'Wojciech', 'Ziemniak'),
(206, 'Jan', 'Ziobro'),
(207, 'Stanis≥aw', 'Øelichowski'),
(208, 'Stanis≥aw', 'Ømijan'),
(209, 'Jerzy', 'ØyøyÒski');



INSERT INTO ADDRESS(IDADDRESS, IDITEM, LINE1, LINE2) VALUES
(1, 1, 'Przysz≥oúci 51', 'AugustÛw'),
(2, 2, 'Warzywna 17', 'ChrzanÛw'),
(3, 3, 'Jana III Sobieskiego 78', 'HrubieszÛw'),
(4, 4, 'Sk≥adowa 65', '£Ûdü'),
(5, 5, 'Bereniki 21', 'Olkusz'),
(6, 6, 'úw. Eløbiety 20', 'O≥awa'),
(7, 7, 'GruszczyÒskiego 8', 'Stronie ålπskie'),
(8, 8, 'Bekasa 97', 'I≥awa'),
(9, 9, 'Miko≥owska 71', 'Leszno'),
(10, 10, 'Sienkiewicza 88', 'G≥ogÛw'),
(11, 11, 'Jana Paw≥a II 62', 'Sopot'),
(12, 12, 'årednia 59', 'Polkowice'),
(13, 13, 'KusociÒskiego 96', 'Koúcian'),
(14, 14, 'Jesienna 45', '£Íczna'),
(15, 15, 'Puszkina 42', 'Koúcierzyna'),
(16, 16, 'Bia≥ej Bramy 4', 'Bochnia'),
(17, 17, 'Helska 98', 'Nowe Miasto Lubawskie'),
(18, 18, 'OssoliÒskich 20', 'ØagaÒ'),
(19, 19, 'Kraszewskiego 43', 'Polkowice'),
(20, 20, 'Chatka Puchatka 94', 'Stronie ålπskie'),
(21, 21, 'ToruÒska 48', 'Legnica'),
(22, 22, 'Zacisze 87', 'Malbork'),
(23, 23, 'BoÒczyka 26', 'åwiebodzin'),
(24, 24, 'Tarninowa 70', 'GorzÛw Wielkopolski'),
(25, 25, 'PCK 92', 'Leszno'),
(26, 26, 'Las £abÍdzki 32', 'Proszowice'),
(27, 27, 'Plonowa 82', 'Wis≥a'),
(28, 28, 'Gorzo≥ki 58', 'Hel'),
(29, 29, 'Sienkiewicza 49', 'Szczawno-ZdrÛj'),
(30, 30, 'MielÍckiego 85', 'Zabrze'),
(31, 31, 'Tokarska 81', 'Opole Lubelskie'),
(32, 32, 'åwiÍtokrzyska 47', '£omøa'),
(33, 33, 'Jab≥oni 48', 'Pisz'),
(34, 34, 'KosÛw 42', 'åwieradÛw-ZdrÛj'),
(35, 35, 'JaskÛ≥cza 39', 'KÍtrzyn'),
(36, 36, 'al. Korfantego 92', 'Dπbrowa GÛrnicza'),
(37, 37, 'Zakπtek Leúny 84', 'Elblπg'),
(38, 38, 'Bankowa 41', 'S≥awno'),
(39, 39, 'Zubrzyckiego 87', 'Gniew'),
(40, 40, '£Ûdzka 93', 'KÍpno'),
(41, 41, 'Centaura 59', 'RacibÛrz'),
(42, 42, 'Wybrzeøe Wojska Polskiego 44', 'Limanowa'),
(43, 43, 'Bajana 68', 'Miastko'),
(44, 44, 'Piramowicza 91', 'Pabianice'),
(45, 45, 'Przyszowska 56', 'Parczew'),
(46, 46, 'Czerskiego 86', 'Skawina'),
(47, 47, 'StorczykÛw 52', 'Gdynia'),
(48, 48, 'Wielkiej Niedüwiedzicy 93', 'Strzegom'),
(49, 49, 'Okopowa 56', 'Pelplin'),
(50, 50, 'Centaura 88', 'Wroc≥aw'),
(51, 51, 'Basztowa 17', 'Pabianice'),
(52, 52, 'ONZ 22', '£aÒcut'),
(53, 53, 'Przemys≥owa 21', 'P≥ock'),
(54, 54, 'DekabrystÛw 86', 'Hel'),
(55, 55, 'pl. InwalidÛw Wojennych 61', 'Puck'),
(56, 56, 'SpÛ≥dzielcza 62', 'JanÛw Lubelski'),
(57, 57, 'Kana≥owa 87', 'Nowy Tomyúl'),
(58, 58, 'M≥odopolska 98', '£Íczna'),
(59, 59, 'JagielloÒska 38', 'Sosnowiec'),
(60, 60, 'Krucza 85', 'W≥odawa'),
(61, 61, 'Gierymskiego 73', 'Zielona GÛra'),
(62, 62, 'Koniczynowa 55', 'Siemianowice ålπskie'),
(63, 63, 'b≥. Czes≥awa 66', 'Wieliczka'),
(64, 64, 'Olimpijska 63', '£Íczyca'),
(65, 65, 'Na≥kowskiej 5', 'TomaszÛw Mazowiecki'),
(66, 66, 'Studzienna 60', 'Øory'),
(67, 67, 'Na Zbiegu 56', 'Bydgoszcz'),
(68, 68, 'S≥oneczna 47', 'W≥odawa'),
(69, 69, 'TulipanÛw 23', 'Reda'),
(70, 70, 'úw. Andrzeja 36', 'Pleszew'),
(71, 71, 'Kielecka 54', 'Krzeszowice'),
(72, 72, 'Zawadzkiego 63', 'Parczew'),
(73, 73, 'Piekarska 9', 'Cz≥uchÛw'),
(74, 74, 'Opawska 11', 'Sieradz'),
(75, 75, 'KiliÒskiego 91', 'Wadowice'),
(76, 77, 'M≥yÒska 66', 'K≥obuck'),
(77, 78, 'Drzyma≥y 34', 'TomaszÛw Mazowiecki'),
(78, 79, 'Konopnickiej 73', 'Stalowa Wola'),
(79, 80, 'Armii Ludowej 48', 'Olecko'),
(80, 81, 'Bojkowska 8', 'MiÍdzyrzecz'),
(81, 82, 'Jesienna 39', 'Siemianowice ålπskie'),
(82, 83, 'PionierÛw 64', 'TarnÛw'),
(83, 84, 'úw. Jacka 61', 'Dπbrowa GÛrnicza'),
(84, 85, 'Ociepki 27', 'Brzeziny'),
(85, 86, 'Bekasa 80', 'Lidzbark WarmiÒski'),
(86, 87, 'Micha≥owskiego 12', 'Brzeziny'),
(87, 88, 'Ku Do≥om 80', 'Z≥otoryja'),
(88, 89, 'Koúciuszki 82', 'Pi≥a'),
(89, 90, 'Solskiego 25', 'StrzyøÛw'),
(90, 91, 'ålπska 1', 'Mielec'),
(91, 92, 'Radiowa 51', 'BytÛw'),
(92, 93, 'Berbeckiego 19', 'ZamoúÊ'),
(93, 94, 'Sobieskiego 19', 'G≥ogÛw'),
(94, 95, 'Orlickiego 44', 'Wo≥Ûw'),
(95, 96, 'Mieszka I 21', 'Nisko'),
(96, 97, 'Strzeleckiego 58', 'Trzebnica'),
(97, 98, 'Krzywa 77', 'Sopot'),
(98, 99, 'Libelta 78', 'Nowy Targ'),
(99, 100, 'pl. InwalidÛw Wojennych 29', 'Øywiec'),
(100, 101, 'Szarych SzeregÛw 23', 'BÍdzin'),
(101, 102, 'Bereniki 93', 'PoznaÒ'),
(102, 103, 'Matejki 55', 'ChorzÛw'),
(103, 104, 'úw. Cecylii 29', 'Wadowice'),
(104, 105, 'M≥odzieøowa 54', 'Szczawno-ZdrÛj'),
(105, 106, 'OssoliÒskich 59', 'Bia≥ystok'),
(106, 107, 'DekabrystÛw 22', 'W≥odawa'),
(107, 108, 'Olimpijska 38', 'Brzeg Dolny'),
(108, 109, 'Chodüki 69', 'MiÍdzyrzecz'),
(109, 110, 'Chemiczna 27', 'Wroc≥aw'),
(110, 111, 'LiteratÛw 92', 'Opalenica'),
(111, 112, 'Plonowa 41', 'GorzÛw Wielkopolski'),
(112, 113, 'Domeyki 79', 'Miko≥Ûw'),
(113, 114, 'RogoziÒskiego 92', 'Ruda ålπska'),
(114, 115, 'Nadbrzeøna 10', '£omøa'),
(115, 116, 'WarmiÒska 14', 'CiechanÛw'),
(116, 117, 'Wigilijna 91', 'Chojnice'),
(117, 118, 'Nadbrzeøna 2', 'Sosnowiec'),
(118, 119, 'S≥upska 32', 'Skierniewice'),
(119, 120, 'Dunikowskiego 40', 'Bia≥ystok'),
(120, 121, 'Raciborska 80', 'Szczyrk'),
(121, 122, 'GÛrna 14', 'Braniewo'),
(122, 123, 'Myúliwska 39', 'OstrÛda'),
(123, 124, 'Syriusza 46', 'ChrzanÛw'),
(124, 125, 'Na £uku 13', 'LubaÒ'),
(125, 126, 'Cytadeli Warszawskiej 31', 'Krzeszowice'),
(126, 127, 'Myúliwska 70', 'Nowy DwÛr GdaÒski'),
(127, 128, 'Fa≥ata 22', 'Siemianowice ålπskie'),
(128, 129, 'Wolskiego 80', 'Bia≥ystok'),
(129, 130, 'Zawiszy Czarnego 34', 'Wadowice'),
(130, 131, 'Koz≥owska 14', 'Zabrze'),
(131, 132, '£ukasiewicza 98', 'Radom'),
(132, 133, 'Bia≥ostocka 72', 'Zπbkowice ålπskie'),
(133, 134, 'StrzelcÛw Bytomskich 68', 'Wo≥Ûw'),
(134, 135, 'Galaktyki 6', '£Íczyca'),
(135, 136, 'èrÛdlana 84', 'Szczecin'),
(136, 137, 'Portowa 57', 'Brzesko'),
(137, 138, 'ålπska 14', 'Gniezno'),
(138, 139, 'Skalskiego 94', 'Pisz'),
(139, 140, 'Koniczynowa 89', 'åwidnik'),
(140, 141, 'Kapliczna 73', 'Miastko'),
(141, 142, 'Zabrska 94', 'Gniezno'),
(142, 143, 'FloriaÒska 15', 'Be≥chatÛw'),
(143, 144, 'Towarowa 73', 'Mrπgowo'),
(144, 145, 'Urodzajna 34', 'Kazimierz Dolny'),
(145, 146, 'Piaskowa 80', 'ChorzÛw'),
(146, 147, 'Bienka 37', 'Olkusz'),
(147, 148, 'Rogera 52', 'RacibÛrz'),
(148, 149, 'M≥odopolska 74', 'Nidzica'),
(149, 150, 'Zamkowa 22', 'åroda Wielkopolska'),
(150, 151, 'Opolska 92', 'Hel'),
(151, 152, 'Leonarda da Vinci 96', 'SycÛw'),
(152, 153, 'SobÛtki 91', 'SulÍcin'),
(153, 154, 'PauliÒska 93', 'G≥uszyca'),
(154, 155, 'Konarskiego 92', 'Proszowice'),
(155, 156, 'Nad £πkami 97', 'Lubin'),
(156, 157, 'Wysoka 15', 'G≥ogÛw'),
(157, 158, 'OdlewnikÛw 65', 'TomaszÛw Lubelski'),
(158, 159, 'Dunikowskiego 97', 'Legnica'),
(159, 160, 'Wrzosowa 14', 'K≥odzko'),
(160, 161, 'Wybrzeøe Wojska Polskiego 47', 'Hel'),
(161, 162, 'GÛry Che≥mskiej 17', 'Øywiec'),
(162, 163, 'Zamenhofa 81', 'Katowice'),
(163, 164, 'TarnogÛrska 5', 'Miastko'),
(164, 165, '£abÍdzka 69', 'Go≥dap'),
(165, 166, 'LotnikÛw 64', 'Kraúnik'),
(166, 167, 'Miarki 19', 'ToruÒ'),
(167, 168, 'Malczewskiego 22', 'Bia≥ystok'),
(168, 169, 'OúwiÍcimska 9', 'Krosno OdrzaÒskie'),
(169, 170, 'CieszyÒska 31', 'TomaszÛw Mazowiecki'),
(170, 171, 'Kaliska 18', 'Nisko'),
(171, 172, 'ZakopiaÒska 68', 'ToruÒ'),
(172, 173, 'RogoziÒskiego 40', 'DzierøoniÛw'),
(173, 174, 'Dolnych Wa≥Ûw 27', 'Chojnice'),
(174, 175, 'Grodeckiego 53', 'Szczytno'),
(175, 176, 'Bajana 78', 'Jas≥o'),
(176, 177, 'Sieronia 16', 'Sztum'),
(177, 178, 'Bienka 41', 'Polkowice'),
(178, 179, 'M≥odopolska 67', 'ChorzÛw'),
(179, 180, 'Reja 87', 'Koszalin'),
(180, 181, 'Ciesielska 27', 'Dπbrowa GÛrnicza'),
(181, 182, 'Szobiszowicka 80', 'Nisko'),
(182, 183, 'Dzierøona 41', 'Dπbrowa Tarnowska'),
(183, 184, 'Tarninowa 40', 'Puck'),
(184, 185, 'EkonomistÛw 98', 'Siemianowice ålπskie'),
(185, 186, 'Targowa 88', 'Gliwice'),
(186, 187, 'Kolberga 21', 'Nowa SÛl'),
(187, 188, 'M≥odzieøowa 57', 'Szamotu≥y'),
(188, 189, 'úw. Katarzyny 60', 'Grodzisk Wielkopolski'),
(189, 190, 'Ogrodowa 12', 'SwarzÍdz'),
(190, 191, 'TatrzaÒska 28', 'GostyÒ'),
(191, 192, 'Na Skarpie 62', 'åroda ålπska'),
(192, 193, 'Szybowa 23', 'Wis≥a'),
(193, 194, 'D≥uga 48', 'GdaÒsk'),
(194, 195, 'Kokoszki 78', 'ZduÒska Wola'),
(195, 196, 'Wielicka 25', 'Wo≥Ûw'),
(196, 197, 'Nasyp 58', 'TomaszÛw Mazowiecki'),
(197, 198, 'Goüdzikowa 15', 'Wroc≥aw'),
(198, 199, 'Asnyka 43', 'Leøajsk'),
(199, 200, 'Snopowa 24', 'Strzegom'),
(200, 201, 'Baildona 99', 'RacibÛrz'),
(201, 202, 'Rejtana 27', 'Rabka-ZdrÛj'),
(202, 203, 'Niedurnego 41', 'Oleúnica'),
(203, 204, 'Strzeleckiego 48', 'Limanowa'),
(204, 205, 'DrozdÛw 64', 'Che≥m'),
(205, 206, 'årednia 98', 'Parczew'),
(206, 207, 'Fa≥ata 1', 'Katowice'),
(207, 208, 'Konarskiego 69', 'Zielona GÛra'),
(208, 209, 'Limanowskiego 40', 'Ko≥o');



INSERT INTO PHONE(IDPHONE, IDITEM, PHONE, COMMENT, RESTRICTED) VALUES
(1, 2, '288 962 987', NULL, NULL),
(2, 2, '080 654 749', 'komÛrka', 'true'),
(3, 2, '865 578 687', 'prywatny', 'true'),
(4, 4, '300 545 784', 'komÛrka', 'true'),
(5, 4, '213 480 703', 's≥uøbowy', NULL),
(6, 4, '995 971 162', 'prywatny', 'true'),
(7, 6, '850 608 092', 's≥uøbowy', NULL),
(8, 6, '278 280 132', NULL, NULL),
(9, 7, '158 033 044', 's≥uøbowy', NULL),
(10, 7, '468 548 503', NULL, NULL),
(11, 7, '038 534 216', 'prywatny', 'true'),
(12, 9, '407 594 523', 'komÛrka', 'true'),
(13, 9, '983 077 388', 'komÛrka', 'true'),
(14, 9, '864 266 661', NULL, NULL),
(15, 10, '508 387 281', 'prywatny', 'true'),
(16, 10, '596 733 759', 'prywatny', 'true'),
(17, 11, '987 399 179', 's≥uøbowy', NULL),
(18, 11, '004 181 278', NULL, NULL),
(19, 11, '400 512 582', 'komÛrka', 'true'),
(20, 12, '660 398 656', NULL, NULL),
(21, 12, '315 879 051', 'komÛrka', 'true'),
(22, 12, '319 959 746', NULL, NULL),
(23, 13, '149 628 480', 's≥uøbowy', NULL),
(24, 14, '474 577 727', 'komÛrka', 'true'),
(25, 15, '927 315 113', NULL, NULL),
(26, 15, '413 821 739', 's≥uøbowy', NULL),
(27, 17, '206 234 593', 'komÛrka', 'true'),
(28, 17, '046 867 699', NULL, NULL),
(29, 18, '186 904 376', 'komÛrka', 'true'),
(30, 18, '339 107 792', 'prywatny', 'true'),
(31, 19, '024 413 661', NULL, NULL),
(32, 19, '477 692 809', 'prywatny', 'true'),
(33, 19, '865 501 948', 'komÛrka', 'true'),
(34, 20, '462 076 795', 'komÛrka', 'true'),
(35, 20, '556 468 093', 'komÛrka', 'true'),
(36, 20, '652 489 355', 'komÛrka', 'true'),
(37, 21, '693 538 988', 'komÛrka', 'true'),
(38, 22, '388 600 556', 's≥uøbowy', NULL),
(39, 22, '846 726 551', NULL, NULL),
(40, 22, '175 574 807', NULL, NULL),
(41, 23, '397 170 845', 's≥uøbowy', NULL),
(42, 23, '425 700 269', 'prywatny', 'true'),
(43, 24, '932 490 385', 's≥uøbowy', NULL),
(44, 28, '580 330 090', NULL, NULL),
(45, 28, '761 536 428', NULL, NULL),
(46, 28, '429 995 740', NULL, NULL),
(47, 29, '486 249 963', NULL, NULL),
(48, 29, '587 030 585', 'prywatny', 'true'),
(49, 29, '062 448 716', 'prywatny', 'true'),
(50, 31, '273 363 924', NULL, NULL),
(51, 33, '062 303 994', 'komÛrka', 'true'),
(52, 33, '469 959 762', 's≥uøbowy', NULL),
(53, 33, '571 400 797', NULL, NULL),
(54, 34, '280 703 718', NULL, NULL),
(55, 34, '780 001 346', 'komÛrka', 'true'),
(56, 36, '228 589 223', NULL, NULL),
(57, 38, '645 782 500', 'prywatny', 'true'),
(58, 38, '221 171 332', 'komÛrka', 'true'),
(59, 39, '119 003 921', NULL, NULL),
(60, 39, '598 368 570', 'komÛrka', 'true'),
(61, 40, '687 523 238', 's≥uøbowy', NULL),
(62, 40, '485 896 923', 'komÛrka', 'true'),
(63, 41, '863 910 542', NULL, NULL),
(64, 42, '691 826 350', 's≥uøbowy', NULL),
(65, 43, '437 133 271', 'komÛrka', 'true'),
(66, 43, '542 398 338', NULL, NULL),
(67, 43, '226 513 367', 'prywatny', 'true'),
(68, 44, '226 724 415', 'prywatny', 'true'),
(69, 45, '334 733 351', NULL, NULL),
(70, 45, '698 681 314', 'komÛrka', 'true'),
(71, 47, '975 946 131', 'komÛrka', 'true'),
(72, 48, '969 467 121', 's≥uøbowy', NULL),
(73, 48, '795 858 934', NULL, NULL),
(74, 48, '440 856 692', 'prywatny', 'true'),
(75, 49, '319 796 525', NULL, NULL),
(76, 49, '246 728 092', 's≥uøbowy', NULL),
(77, 49, '432 870 316', 'prywatny', 'true'),
(78, 50, '592 934 596', 'prywatny', 'true'),
(79, 50, '734 936 876', 'prywatny', 'true'),
(80, 51, '506 517 371', NULL, NULL),
(81, 52, '970 426 378', 'prywatny', 'true'),
(82, 53, '656 403 507', 's≥uøbowy', NULL),
(83, 53, '975 140 128', 'prywatny', 'true'),
(84, 53, '628 460 826', 'prywatny', 'true'),
(85, 54, '924 604 351', 's≥uøbowy', NULL),
(86, 54, '845 838 093', 's≥uøbowy', NULL),
(87, 57, '632 730 047', 's≥uøbowy', NULL),
(88, 58, '960 851 700', 'komÛrka', 'true'),
(89, 58, '213 635 673', 'komÛrka', 'true'),
(90, 58, '513 990 028', 's≥uøbowy', NULL),
(91, 59, '324 665 153', NULL, NULL),
(92, 59, '357 324 823', 'prywatny', 'true'),
(93, 59, '608 882 151', NULL, NULL),
(94, 62, '309 596 669', NULL, NULL),
(95, 62, '757 680 506', 'prywatny', 'true'),
(96, 62, '348 614 254', 's≥uøbowy', NULL),
(97, 63, '250 802 314', NULL, NULL),
(98, 63, '577 570 929', 's≥uøbowy', NULL),
(99, 63, '304 347 495', NULL, NULL),
(100, 64, '407 387 068', 'komÛrka', 'true'),
(101, 65, '697 577 170', 'komÛrka', 'true'),
(102, 66, '620 949 174', 'prywatny', 'true'),
(103, 66, '764 340 762', NULL, NULL),
(104, 67, '588 885 064', NULL, NULL),
(105, 68, '412 426 212', 's≥uøbowy', NULL),
(106, 68, '480 911 769', 's≥uøbowy', NULL),
(107, 68, '984 119 018', 's≥uøbowy', NULL),
(108, 69, '302 057 311', 'prywatny', 'true'),
(109, 69, '424 651 870', NULL, NULL),
(110, 69, '735 701 735', 'komÛrka', 'true'),
(111, 70, '828 255 653', 's≥uøbowy', NULL),
(112, 72, '515 693 965', 's≥uøbowy', NULL),
(113, 72, '124 866 316', 'komÛrka', 'true'),
(114, 72, '793 973 857', 'komÛrka', 'true'),
(115, 73, '152 871 893', 'komÛrka', 'true'),
(116, 73, '280 003 457', 's≥uøbowy', NULL),
(117, 73, '156 936 369', 'prywatny', 'true'),
(118, 74, '737 649 504', NULL, NULL),
(119, 74, '657 974 294', 'prywatny', 'true'),
(120, 75, '749 451 144', 's≥uøbowy', NULL),
(121, 75, '325 954 364', NULL, NULL),
(122, 75, '878 850 394', 'komÛrka', 'true'),
(123, 76, '417 145 864', 'prywatny', 'true'),
(124, 76, '017 984 861', 'komÛrka', 'true'),
(125, 77, '673 542 459', 's≥uøbowy', NULL),
(126, 78, '072 906 698', 'komÛrka', 'true'),
(127, 78, '509 294 146', NULL, NULL),
(128, 78, '871 943 823', NULL, NULL),
(129, 79, '856 926 821', NULL, NULL),
(130, 80, '432 848 716', 'komÛrka', 'true'),
(131, 80, '921 019 069', 's≥uøbowy', NULL),
(132, 80, '302 919 197', NULL, NULL),
(133, 84, '276 969 355', NULL, NULL),
(134, 85, '577 992 949', 'prywatny', 'true'),
(135, 86, '574 582 520', 's≥uøbowy', NULL),
(136, 86, '543 906 624', NULL, NULL),
(137, 86, '844 285 089', NULL, NULL),
(138, 87, '967 954 277', 'prywatny', 'true'),
(139, 87, '764 652 840', 'komÛrka', 'true'),
(140, 87, '165 402 541', 'prywatny', 'true'),
(141, 88, '717 358 227', 's≥uøbowy', NULL),
(142, 91, '563 822 299', 'komÛrka', 'true'),
(143, 91, '801 903 388', 'komÛrka', 'true'),
(144, 91, '258 596 362', 'prywatny', 'true'),
(145, 92, '230 388 284', NULL, NULL),
(146, 92, '970 445 865', 's≥uøbowy', NULL),
(147, 93, '782 063 422', 's≥uøbowy', NULL),
(148, 93, '291 889 695', 'prywatny', 'true'),
(149, 93, '963 720 212', 'komÛrka', 'true'),
(150, 95, '206 474 557', 'komÛrka', 'true'),
(151, 95, '055 121 045', 'komÛrka', 'true'),
(152, 95, '414 867 318', 'prywatny', 'true'),
(153, 96, '443 992 047', 'komÛrka', 'true'),
(154, 96, '477 267 452', 'prywatny', 'true'),
(155, 98, '879 543 828', 'prywatny', 'true'),
(156, 98, '439 992 369', 's≥uøbowy', NULL),
(157, 101, '571 507 527', 'prywatny', 'true'),
(158, 102, '574 488 646', 'komÛrka', 'true'),
(159, 102, '254 540 285', NULL, NULL),
(160, 102, '677 895 996', 'prywatny', 'true'),
(161, 103, '706 537 462', NULL, NULL),
(162, 104, '002 118 186', NULL, NULL),
(163, 104, '466 337 904', 's≥uøbowy', NULL),
(164, 107, '636 422 196', 'prywatny', 'true'),
(165, 107, '141 878 003', NULL, NULL),
(166, 108, '325 335 465', 'komÛrka', 'true'),
(167, 110, '567 252 433', 's≥uøbowy', NULL),
(168, 110, '957 701 131', NULL, NULL),
(169, 110, '334 068 840', 's≥uøbowy', NULL),
(170, 111, '610 391 031', NULL, NULL),
(171, 112, '665 090 009', 's≥uøbowy', NULL),
(172, 113, '017 597 421', 's≥uøbowy', NULL),
(173, 113, '127 604 191', NULL, NULL),
(174, 114, '302 467 927', 'komÛrka', 'true'),
(175, 114, '566 947 364', 'prywatny', 'true'),
(176, 115, '109 135 851', 'komÛrka', 'true'),
(177, 116, '336 241 923', NULL, NULL),
(178, 117, '793 835 078', 'prywatny', 'true'),
(179, 117, '395 963 589', 's≥uøbowy', NULL),
(180, 118, '763 564 180', 's≥uøbowy', NULL),
(181, 120, '930 417 069', 's≥uøbowy', NULL),
(182, 120, '002 822 957', 'prywatny', 'true'),
(183, 121, '036 100 077', 's≥uøbowy', NULL),
(184, 121, '163 433 306', 'prywatny', 'true'),
(185, 121, '697 844 594', 'prywatny', 'true'),
(186, 122, '037 209 860', 'komÛrka', 'true'),
(187, 123, '867 553 718', 'komÛrka', 'true'),
(188, 123, '695 956 941', NULL, NULL),
(189, 124, '475 931 292', 'prywatny', 'true'),
(190, 124, '367 270 496', NULL, NULL),
(191, 124, '361 064 981', NULL, NULL),
(192, 126, '863 407 761', NULL, NULL),
(193, 127, '545 040 887', 'komÛrka', 'true'),
(194, 127, '927 645 165', 'komÛrka', 'true'),
(195, 128, '002 327 673', 'komÛrka', 'true'),
(196, 128, '879 603 874', 'komÛrka', 'true'),
(197, 131, '669 948 224', 's≥uøbowy', NULL),
(198, 133, '724 254 817', NULL, NULL),
(199, 133, '608 413 292', 's≥uøbowy', NULL),
(200, 133, '676 978 557', NULL, NULL),
(201, 134, '718 137 722', 'prywatny', 'true'),
(202, 134, '108 680 324', 'komÛrka', 'true'),
(203, 136, '435 553 809', 's≥uøbowy', NULL),
(204, 137, '876 178 662', 's≥uøbowy', NULL),
(205, 138, '656 962 832', 's≥uøbowy', NULL),
(206, 139, '771 286 885', 'prywatny', 'true'),
(207, 139, '741 554 125', 'prywatny', 'true'),
(208, 140, '990 277 698', 'prywatny', 'true'),
(209, 140, '294 247 772', NULL, NULL),
(210, 140, '416 008 608', 'prywatny', 'true'),
(211, 141, '989 580 092', NULL, NULL),
(212, 142, '953 217 838', NULL, NULL),
(213, 142, '704 117 883', NULL, NULL),
(214, 145, '963 367 787', 'prywatny', 'true'),
(215, 145, '591 099 360', 'prywatny', 'true'),
(216, 146, '999 019 590', 's≥uøbowy', NULL),
(217, 146, '397 134 364', 'prywatny', 'true'),
(218, 146, '939 592 659', NULL, NULL),
(219, 147, '964 184 842', 'prywatny', 'true'),
(220, 148, '012 475 687', NULL, NULL),
(221, 148, '476 162 063', 's≥uøbowy', NULL),
(222, 149, '208 971 926', NULL, NULL),
(223, 149, '599 256 893', 'komÛrka', 'true'),
(224, 150, '001 402 897', 'komÛrka', 'true'),
(225, 150, '474 871 463', 'prywatny', 'true'),
(226, 152, '675 307 343', 'prywatny', 'true'),
(227, 152, '340 465 756', 's≥uøbowy', NULL),
(228, 155, '068 924 148', NULL, NULL),
(229, 155, '993 678 773', NULL, NULL),
(230, 156, '634 275 558', 'komÛrka', 'true'),
(231, 157, '473 633 223', 's≥uøbowy', NULL),
(232, 158, '624 550 978', 's≥uøbowy', NULL),
(233, 158, '997 959 516', NULL, NULL),
(234, 158, '049 913 333', 's≥uøbowy', NULL),
(235, 159, '337 172 542', NULL, NULL),
(236, 159, '719 093 316', NULL, NULL),
(237, 161, '145 903 779', NULL, NULL),
(238, 162, '845 909 359', 's≥uøbowy', NULL),
(239, 163, '597 515 329', 'komÛrka', 'true'),
(240, 163, '183 300 967', 'prywatny', 'true'),
(241, 164, '971 506 549', 'prywatny', 'true'),
(242, 164, '625 801 914', 'komÛrka', 'true'),
(243, 164, '340 546 914', NULL, NULL),
(244, 165, '502 992 189', 's≥uøbowy', NULL),
(245, 167, '261 832 482', 'prywatny', 'true'),
(246, 167, '789 626 358', 'komÛrka', 'true'),
(247, 170, '515 755 238', 's≥uøbowy', NULL),
(248, 170, '947 027 812', 'prywatny', 'true'),
(249, 171, '759 349 228', 'komÛrka', 'true'),
(250, 171, '677 140 767', 'prywatny', 'true'),
(251, 172, '135 622 722', 'prywatny', 'true'),
(252, 172, '700 509 974', NULL, NULL),
(253, 172, '079 192 458', 'komÛrka', 'true'),
(254, 173, '410 898 368', 'komÛrka', 'true'),
(255, 173, '307 978 016', 'komÛrka', 'true'),
(256, 174, '240 157 353', 's≥uøbowy', NULL),
(257, 174, '448 037 049', 'komÛrka', 'true'),
(258, 175, '304 606 061', 'prywatny', 'true'),
(259, 176, '533 642 580', 'prywatny', 'true'),
(260, 176, '995 665 560', 's≥uøbowy', NULL),
(261, 177, '257 446 063', NULL, NULL),
(262, 177, '039 603 442', 'prywatny', 'true'),
(263, 178, '753 271 796', 'prywatny', 'true'),
(264, 179, '049 611 716', 'prywatny', 'true'),
(265, 179, '470 743 169', 'prywatny', 'true'),
(266, 179, '569 689 869', 'prywatny', 'true'),
(267, 180, '817 860 546', 'prywatny', 'true'),
(268, 180, '124 638 142', NULL, NULL),
(269, 181, '340 601 349', 'komÛrka', 'true'),
(270, 182, '510 712 510', NULL, NULL),
(271, 183, '617 720 828', NULL, NULL),
(272, 183, '322 571 980', NULL, NULL),
(273, 184, '730 138 939', NULL, NULL),
(274, 184, '200 162 827', 'prywatny', 'true'),
(275, 186, '715 646 432', NULL, NULL),
(276, 187, '695 292 956', 's≥uøbowy', NULL),
(277, 187, '944 883 171', 'komÛrka', 'true'),
(278, 189, '444 048 654', NULL, NULL),
(279, 189, '478 899 480', 'prywatny', 'true'),
(280, 190, '938 242 112', 'prywatny', 'true'),
(281, 191, '119 043 707', 's≥uøbowy', NULL),
(282, 191, '675 100 959', 'komÛrka', 'true'),
(283, 191, '753 416 830', 'komÛrka', 'true'),
(284, 192, '943 165 044', 'prywatny', 'true'),
(285, 193, '665 438 687', NULL, NULL),
(286, 193, '008 222 104', 's≥uøbowy', NULL),
(287, 194, '048 017 122', 'komÛrka', 'true'),
(288, 194, '894 518 747', 's≥uøbowy', NULL),
(289, 194, '738 537 641', 'komÛrka', 'true'),
(290, 195, '214 748 493', 'komÛrka', 'true'),
(291, 195, '518 963 860', NULL, NULL),
(292, 195, '550 374 747', NULL, NULL),
(293, 196, '333 043 945', 'komÛrka', 'true'),
(294, 197, '520 080 934', NULL, NULL),
(295, 197, '236 749 430', 'komÛrka', 'true'),
(296, 197, '448 927 470', 'komÛrka', 'true'),
(297, 198, '470 401 236', 's≥uøbowy', NULL),
(298, 198, '994 016 241', 'komÛrka', 'true'),
(299, 199, '438 268 537', NULL, NULL),
(300, 200, '481 924 461', 's≥uøbowy', NULL),
(301, 201, '860 284 950', 'komÛrka', 'true'),
(302, 201, '502 490 024', 'komÛrka', 'true'),
(303, 202, '654 711 351', 'komÛrka', 'true'),
(304, 202, '921 212 562', 'prywatny', 'true'),
(305, 202, '304 224 775', NULL, NULL),
(306, 203, '979 900 209', 's≥uøbowy', NULL),
(307, 203, '660 496 908', NULL, NULL),
(308, 203, '600 070 882', 's≥uøbowy', NULL),
(309, 204, '115 083 751', 'prywatny', 'true'),
(310, 204, '745 186 558', 'komÛrka', 'true'),
(311, 206, '484 894 842', 'komÛrka', 'true'),
(312, 206, '883 372 552', 'komÛrka', 'true'),
(313, 206, '050 976 166', 's≥uøbowy', NULL),
(314, 207, '488 130 211', 'komÛrka', 'true'),
(315, 207, '609 874 138', NULL, NULL),
(316, 207, '572 801 696', 'komÛrka', 'true'),
(317, 208, '718 334 305', 'komÛrka', 'true'),
(318, 209, '350 013 800', 'komÛrka', 'true');
